Bob Jones1,bobjones1@northwestern.edu,bobjones1@gmail.com,bobjones1@hotmail.com,bobjones1@luriechildrens.org,bobjones1@sralab.org,
Bob Jones2,bobjones2@northwestern.edu,bobjones2@gmail.com,bobjones2@hotmail.com,bobjones2@luriechildrens.org,bobjones2@sralab.org,
Bob Jones3,bobjones3@northwestern.edu,bobjones3@sralab.org,bobjones3@hotmail.com,bobjones3@luriechildrens.org,bobjones3@nm.org,
Bob Jones4,bobjones4@sralab.org,bobjones4@gmail.com,bobjones4@hotmail.com,bobjones4@northwestern.edu,bobjones4@nm.org,
Bob Jones5,bobjones5@gmail.com,bobjones5@sralab.org,,,,
Bob Jones6,bobjones6@luriechildrens.org,bobjones6@nm.org,,,,
Bob Jones7,bobjones7@nm.org,bobjones7@sralab.org,bobjones7@gmail.com,,,
Bob Jones8,bobjones8@gmail.com,bobjones8@nm.org,bobjones8@hotmail.com,bobjones8@gmail.com,bobjones8@gmail.com,bobjones8@northwestern.edu
Bob Jones9,bobjones9@sralab.org,bobjones9@northwestern.edu,bobjones9@hotmail.com,bobjones9@hotmail.com,,
Bob Jones10,bobjones10@gmail.com,bobjones10@sralab.org,bobjones10@hotmail.com,bobjones10@hotmail.com,,
Bob Jones11,bobjones11@gmail.com,bobjones11@sralab.org,bobjones11@hotmail.com,bobjones11@hotmail.com,,
Bob Jones12,bobjones12@northwestern.edu,bobjones12@gmail.com,bobjones12@hotmail.com,bobjones12@luriechildrens.org,,
Bob Jones13,bobjones13@sralab.org,bobjones13@gmail.com,bobjones13@northwestern.edu,,,
Bob Jones14,bobjones14@sralab.org,bobjones14@gmail.com,bobjones14@hotmail.com,bobjones14@northwestern.edu,bobjones14@northwestern.edu,
Bob Jones15,bobjones15@luriechildrens.org,bobjones15@gmail.com,,,,
Bob Jones16,bobjones16@nm.org,bobjones16@hotmail.com,bobjones16@gmail.com,,,
Bob Jones17,bobjones17@nm.org,bobjones17@hotmail.com,bobjones17@luriechildrens.org,bobjones17@northwestern.edu,,
Bob Jones18,bobjones18@nm.org,bobjones18@hotmail.com,,,,
Bob Jones19,bobjones19@luriechildrens.org,bobjones19@nm.org,bobjones19@sralab.org,,,
Bob Jones20,bobjones20@nm.org,bobjones20@sralab.org,,,,
Bob Jones21,bobjones21@nm.org,bobjones21@northwestern.edu,bobjones21@hotmail.com,,,
Bob Jones22,bobjones22@nm.org,bobjones22@sralab.org,bobjones22@hotmail.com,,,
Bob Jones23,bobjones23@gmail.com,bobjones23@sralab.org,bobjones23@nm.org,bobjones23@hotmail.com,bobjones23@northwestern.edu,
Bob Jones24,bobjones24@hotmail.com,bobjones24@sralab.org,bobjones24@nm.org,bobjones24@luriechildrens.org,bobjones24@nm.org,bobjones24@gmail.com