Dani Rojas1,danirojas1@northwestern.edu,danirojas1@gmail.com,danirojas1@hotmail.com,danirojas1@luriechildrens.org,danirojas1@sralab.org,
Dani Rojas2,danirojas2@northwestern.edu,danirojas2@gmail.com,danirojas2@hotmail.com,danirojas2@luriechildrens.org,danirojas2@sralab.org,
Dani Rojas3,danirojas3@northwestern.edu,danirojas3@sralab.org,danirojas3@hotmail.com,danirojas3@luriechildrens.org,danirojas3@nm.org,
Dani Rojas4,danirojas4@sralab.org,danirojas4@gmail.com,danirojas4@hotmail.com,danirojas4@northwestern.edu,danirojas4@nm.org,
Dani Rojas5,danirojas5@gmail.com,danirojas5@sralab.org,,,,
Dani Rojas6,danirojas6@luriechildrens.org,danirojas6@nm.org,,,,
Dani Rojas7,danirojas7@nm.org,danirojas7@sralab.org,danirojas7@gmail.com,,,
Dani Rojas8,danirojas8@gmail.com,danirojas8@nm.org,danirojas8@hotmail.com,danirojas8@gmail.com,danirojas8@gmail.com,danirojas8@northwestern.edu
Dani Rojas9,danirojas9@sralab.org,danirojas9@northwestern.edu,danirojas9@hotmail.com,danirojas9@hotmail.com,,
Dani Rojas10,danirojas10@gmail.com,danirojas10@sralab.org,danirojas10@hotmail.com,danirojas10@hotmail.com,,
Dani Rojas11,danirojas11@gmail.com,danirojas11@sralab.org,danirojas11@hotmail.com,danirojas11@hotmail.com,,
Dani Rojas12,danirojas12@northwestern.edu,danirojas12@gmail.com,danirojas12@hotmail.com,danirojas12@luriechildrens.org,,
Dani Rojas13,danirojas13@sralab.org,danirojas13@gmail.com,danirojas13@northwestern.edu,,,
Dani Rojas14,danirojas14@sralab.org,danirojas14@gmail.com,danirojas14@hotmail.com,danirojas14@northwestern.edu,danirojas14@northwestern.edu,
Dani Rojas15,danirojas15@luriechildrens.org,danirojas15@gmail.com,,,,
Dani Rojas16,danirojas16@nm.org,danirojas16@hotmail.com,danirojas16@gmail.com,,,
Dani Rojas17,danirojas17@nm.org,danirojas17@hotmail.com,danirojas17@luriechildrens.org,danirojas17@northwestern.edu,,
Dani Rojas18,danirojas18@nm.org,danirojas18@hotmail.com,,,,
Dani Rojas19,danirojas19@luriechildrens.org,danirojas19@nm.org,danirojas19@sralab.org,,,
Dani Rojas20,danirojas20@nm.org,danirojas20@sralab.org,,,,
Dani Rojas21,danirojas21@nm.org,danirojas21@northwestern.edu,danirojas21@hotmail.com,,,
Dani Rojas22,danirojas22@nm.org,danirojas22@sralab.org,danirojas22@hotmail.com,,,
Dani Rojas23,danirojas23@gmail.com,danirojas23@sralab.org,danirojas23@nm.org,danirojas23@hotmail.com,danirojas23@northwestern.edu,
Dani Rojas24,danirojas24@hotmail.com,danirojas24@sralab.org,danirojas24@nm.org,danirojas24@luriechildrens.org,danirojas24@nm.org,danirojas24@gmail.com